Country,Year,Life Expectancy,Mean Years of Schooling,Expected Years of Schooling,GNI per Capita,HDI Score
Kenya,2015,58.73,6.54,10.44,3983.4,0.5509
Country_Sim_48,2015,82.48,14.03,17.27,75178.76,0.9711
Country_Sim_51,2018,75.77,10.53,13.95,19646.49,0.7965
Chad,2016,50.63,2.4,7.0,1169.18,0.366
South Africa,2020,62.14,10.09,13.45,12502.99,0.6927
Burundi,2011,58.0,2.86,9.86,569.73,0.3845
Central African Republic,2005,49.34,4.0,7.43,726.22,0.3597
Kenya,2007,56.3,6.15,9.82,3382.9,0.5201
Country_Sim_170,2017,82.45,11.95,16.01,47260.47,0.9152
United Kingdom,2021,80.95,13.27,17.04,45103.99,0.9254
Country_Sim_122,2012,74.08,8.72,14.82,13406.8,0.753
USA,2007,71.69,13.0,15.47,50898.0,0.8602
Central African Republic,2015,51.82,4.22,7.86,874.32,0.3844
Country_Sim_284,2019,84.01,14.47,16.47,41567.52,0.9455
Country_Sim_249,2019,70.54,9.47,15.11,29805.07,0.7837
Country_Sim_210,2018,55.88,4.08,6.15,2710.65,0.439
Turkey,2004,68.5,7.79,16.58,22528.45,0.762
Country_Sim_194,2022,57.4,2.49,8.45,2887.11,0.4521
Country_Sim_72,2021,69.1,8.31,12.31,8260.61,0.6739
Colombia,2020,72.5,9.04,14.63,14435.53,0.7598
Ethiopia,2020,64.2,3.19,9.67,2247.69,0.4894
Singapore,2013,78.8,11.36,15.75,77815.52,0.899
Indonesia,2003,61.35,7.75,12.34,8111.74,0.6327
Kenya,2021,60.8,6.47,10.34,4208.97,0.5499
Brazil,2003,65.99,7.24,13.94,10094.83,0.6764
China,2005,71.05,7.54,13.22,13270.06,0.7057
Japan,2009,78.65,12.51,14.19,33757.61,0.8673
Country_Sim_297,2017,65.23,7.16,10.94,4828.89,0.6054
Country_Sim_213,2010,72.62,10.79,14.29,13653.33,0.7717
Country_Sim_258,2017,55.33,5.07,8.29,532.24,0.389
Egypt,2001,62.64,6.75,12.59,8170.63,0.634
Australia,2001,74.59,11.53,19.07,34060.51,0.8736
Central African Republic,2000,47.89,3.82,7.1,641.74,0.344
Nigeria,2016,51.33,5.13,9.67,4534.45,0.4953
Indonesia,2002,60.42,7.95,12.66,8195.87,0.6376
Russia,2014,68.54,11.81,15.3,23968.02,0.79
Burundi,2020,61.27,3.07,10.59,678.5,0.4133
Yemen,2009,59.78,3.0,8.54,1211.89,0.432
Country_Sim_212,2018,76.32,10.11,15.02,22616.55,0.8092
Germany,2013,76.9,13.58,16.37,47980.43,0.9066
India,2006,62.38,6.06,10.76,5155.35,0.5843
Japan,2004,76.78,11.94,13.55,30027.98,0.8442
Colombia,2013,69.66,8.26,13.37,12194.08,0.7083
Country_Sim_285,2017,64.53,8.1,10.81,5133.6,0.6182
Colombia,2000,64.71,8.01,12.96,9824.82,0.6774
Turkey,2001,68.63,7.6,16.18,20973.13,0.7601
Country_Sim_235,2012,53.77,4.26,6.36,1262.44,0.3946
Niger,2003,56.0,1.89,5.86,854.75,0.3524
Morocco,2002,66.76,5.31,12.78,5109.13,0.6122
Country_Sim_148,2013,68.11,5.98,12.52,5613.28,0.6216
Congo (Dem. Rep.),2018,57.97,6.72,9.31,1012.91,0.461
Country_Sim_190,2010,66.53,8.35,10.68,10168.56,0.669
Mexico,2008,65.36,8.51,13.77,13978.27,0.7081
Yemen,2003,58.0,2.89,8.21,1069.19,0.409
Switzerland,2000,74.11,12.25,14.54,45760.94,0.8601
Switzerland,2007,77.31,13.17,15.64,54782.68,0.9092
Niger,2019,60.21,2.07,6.41,1147.61,0.3891
Norway,2010,77.69,12.3,17.22,54469.22,0.9057
Brazil,2014,69.92,7.85,15.12,12708.73,0.7243
Country_Sim_131,2013,70.9,5.75,12.92,11751.88,0.6855
Turkey,2020,74.56,8.56,18.22,30241.54,0.8435
Germany,2008,75.76,12.92,15.58,42818.95,0.8797
Ethiopia,2013,62.3,3.06,9.27,1990.96,0.471
Brazil,2002,65.66,7.12,13.72,9778.67,0.6702
Niger,2006,56.18,1.98,6.14,936.99,0.354
Country_Sim_3,2010,75.98,8.17,15.92,28034.57,0.8116
Chad,2018,51.62,2.49,7.28,1243.15,0.3773
Country_Sim_177,2020,50.47,4.17,6.62,4091.68,0.448
USA,2001,69.4,12.04,14.32,43038.37,0.8171
Ethiopia,2014,61.79,2.99,9.07,1971.93,0.468
Japan,2015,81.97,12.56,14.25,36522.09,0.8816
Nigeria,2010,49.49,4.77,8.99,3920.77,0.4613
Yemen,2015,61.22,3.01,8.56,1309.36,0.4444
Country_Sim_52,2017,75.01,10.08,16.14,23082.06,0.817
Turkey,2016,73.51,8.24,17.53,27852.34,0.8059
Turkey,2013,71.92,8.22,17.5,26845.44,0.7941
Chad,2008,48.68,2.28,6.64,1004.94,0.3502
Switzerland,2016,81.81,13.5,16.02,62860.79,0.9412
Yemen,2014,61.17,3.04,8.65,1306.39,0.4369
Colombia,2008,67.8,8.12,13.14,11235.46,0.6944
Burundi,2012,59.0,2.87,9.9,579.42,0.3951
Germany,2020,80.18,13.62,16.42,52049.35,0.9223
Mexico,2022,69.87,9.25,14.98,17896.43,0.751
Germany,2021,80.62,14.43,17.4,55712.52,0.9464
Colombia,2019,71.02,8.96,14.5,14155.0,0.7445
Ethiopia,2019,64.62,3.07,9.31,2141.43,0.4909
Country_Sim_309,2020,66.66,6.07,12.61,9008.18,0.6463
Country_Sim_25,2013,71.61,6.67,11.66,7063.48,0.6532
Country_Sim_64,2022,75.47,9.9,13.35,25072.84,0.7925
India,2005,61.71,6.09,10.81,5104.82,0.5779
Indonesia,2014,65.0,8.04,12.81,9769.69,0.6728
Morocco,2014,70.97,5.63,13.54,6381.05,0.648
Kenya,2016,60.15,6.5,10.38,4006.26,0.5604
Brazil,2011,69.13,7.46,14.36,11629.92,0.7116
Country_Sim_98,2016,51.82,5.0,7.7,1629.89,0.4343
Bangladesh,2022,71.81,6.37,12.75,5655.07,0.6474
Country_Sim_75,2022,76.27,10.97,14.1,17248.51,0.8015
USA,2019,75.83,13.76,16.37,62303.04,0.9138
Germany,2017,78.75,13.92,16.79,51522.68,0.929
Country_Sim_137,2016,69.71,6.78,11.12,11197.47,0.6592
Country_Sim_27,2021,71.82,8.68,13.2,18506.51,0.7475
Egypt,2006,64.9,6.74,12.57,8804.03,0.6456
Country_Sim_247,2017,79.23,14.2,17.83,40046.98,0.9303
Mexico,2003,63.65,8.33,13.49,12728.68,0.6845
Central African Republic,2014,51.95,4.04,7.52,827.46,0.3821
Chad,2000,46.75,2.23,6.52,874.12,0.3283
Congo (Dem. Rep.),2002,53.54,6.33,8.77,773.81,0.4197
Country_Sim_270,2017,62.06,5.69,12.11,9094.64,0.6218
Singapore,2007,75.85,10.77,14.93,68228.21,0.8738
Country_Sim_228,2013,65.4,6.87,12.53,8887.19,0.6536
Kenya,2022,60.95,6.8,10.87,4468.72,0.5687
Country_Sim_134,2010,60.93,2.92,7.12,1361.38,0.4142
Country_Sim_296,2014,57.74,2.65,6.49,4064.8,0.4451
Country_Sim_127,2012,77.05,12.57,18.06,41719.68,0.902
USA,2017,75.33,13.33,15.86,59077.8,0.9023
Bangladesh,2018,70.45,5.91,11.82,5027.8,0.6271
Russia,2000,63.17,10.57,13.69,17613.59,0.7275
Country_Sim_289,2020,68.31,6.78,12.14,5571.82,0.6394
Ethiopia,2005,59.45,2.97,9.0,1737.9,0.4435
Turkey,2018,75.13,8.51,18.11,29426.16,0.8263
Country_Sim_203,2015,75.81,10.47,15.16,14963.64,0.7903
Bangladesh,2011,67.96,5.74,11.48,4500.75,0.6048
Country_Sim_24,2022,70.88,7.31,12.98,12856.12,0.6954
Mexico,2007,64.87,8.65,14.01,14023.05,0.691
China,2007,72.4,7.58,13.29,13720.33,0.7264
Congo (Dem. Rep.),2007,54.92,6.63,9.18,872.29,0.4359
Yemen,2008,59.41,2.99,8.5,1190.69,0.4249
Morocco,2008,69.15,5.51,13.26,5790.19,0.637
Country_Sim_178,2015,71.96,7.98,13.03,6241.08,0.6798
Country_Sim_111,2012,54.65,5.13,5.08,3628.69,0.4482
Niger,2001,55.11,1.87,5.8,819.94,0.3347
Country_Sim_160,2018,70.21,6.71,11.95,4120.31,0.6296
Mexico,2012,66.32,8.49,13.75,14700.7,0.7159
Country_Sim_306,2020,67.86,7.13,11.2,9739.97,0.6562
Ethiopia,2000,57.55,2.76,8.38,1495.89,0.4258
Germany,2009,75.53,13.21,15.92,44353.77,0.892
United Kingdom,2005,74.43,11.97,15.36,33453.94,0.8533
Brazil,2008,68.29,7.46,14.38,11194.56,0.6961
Switzerland,2002,75.56,12.8,15.2,49422.14,0.886
USA,2003,69.68,12.71,15.12,46899.05,0.8454
Switzerland,2021,83.15,14.23,16.9,69945.43,0.9738
China,2017,76.09,7.94,13.92,16276.15,0.7616
Country_Sim_32,2012,53.31,5.01,9.72,1095.18,0.433
Turkey,2005,69.2,7.93,16.88,23279.96,0.7617
Country_Sim_204,2016,57.49,2.59,7.44,829.09,0.3831
Country_Sim_225,2017,72.56,9.11,15.62,20191.14,0.7785
Country_Sim_121,2021,73.15,11.42,13.36,22407.91,0.8026
China,2014,75.23,7.81,13.69,15470.49,0.7537
Country_Sim_133,2013,52.45,4.12,9.09,700.07,0.3818
Colombia,2022,72.99,8.89,14.38,14482.49,0.7597
Central African Republic,2022,53.37,4.21,7.84,940.54,0.4013
Australia,2020,82.97,12.24,20.24,46264.87,0.9551
Country_Sim_288,2013,80.19,11.05,15.41,44222.54,0.8872
Bangladesh,2015,69.25,5.9,11.8,4854.5,0.6144
Country_Sim_252,2022,58.18,5.26,5.23,1778.61,0.4311
Pakistan,2002,59.26,4.0,7.73,3178.44,0.4798
Colombia,2010,69.08,8.58,13.88,12192.76,0.7218
Country_Sim_8,2022,71.54,7.66,13.09,4018.93,0.6467
Germany,2014,78.57,13.26,15.99,47417.37,0.9073
Country_Sim_195,2018,70.86,6.09,12.71,6578.68,0.6517
Yemen,2020,62.99,3.11,8.84,1427.45,0.4603
Country_Sim_78,2019,72.91,9.06,15.66,18731.09,0.7903
Chad,2005,48.35,2.29,6.68,968.16,0.3365
Chad,2006,47.98,2.28,6.65,978.23,0.3423
Country_Sim_176,2014,78.34,11.12,19.4,43386.82,0.9055
Burundi,2001,55.62,2.74,9.45,473.17,0.3596
Turkey,2022,75.35,8.4,17.87,30268.27,0.8292
Burundi,2022,61.17,3.12,10.79,705.63,0.4311
Colombia,2015,70.57,8.51,13.76,12852.82,0.7234
Colombia,2011,68.76,8.63,13.97,12430.24,0.7176
Egypt,2016,68.6,6.98,13.02,10356.81,0.6703
Pakistan,2019,64.97,4.36,8.43,4322.35,0.5417
Japan,2018,82.91,13.48,15.29,40525.74,0.9169
Country_Sim_300,2014,70.46,11.12,14.62,18080.52,0.767
Nigeria,2003,47.71,4.58,8.64,3412.99,0.4481
Egypt,2018,68.14,7.36,13.73,11168.42,0.6935
Mexico,2001,63.0,8.27,13.4,12251.96,0.6764
Mexico,2006,64.02,8.5,13.76,13580.63,0.6914
Country_Sim_113,2012,66.3,6.43,11.95,5066.43,0.6142
Burundi,2010,57.63,2.98,10.29,587.51,0.3993
Nigeria,2011,49.65,4.99,9.4,4154.39,0.4843
Burundi,2003,56.36,2.72,9.4,486.03,0.3563
Indonesia,2009,63.64,8.17,13.02,9326.17,0.6654
Kenya,2020,61.07,6.76,10.8,4351.88,0.5712
Country_Sim_156,2016,63.14,7.79,12.54,10956.88,0.6551
United Kingdom,2022,80.65,13.01,16.7,44651.34,0.9122
Egypt,2010,66.04,7.01,13.08,9671.14,0.6672
Egypt,2020,69.42,7.41,13.81,11473.81,0.7
Country_Sim_253,2015,84.09,14.37,17.22,71251.56,0.9842
Country_Sim_60,2018,77.67,12.93,17.08,69580.96,0.9254
Country_Sim_259,2019,71.66,8.38,15.69,21509.07,0.7723
Country_Sim_140,2020,67.99,6.1,12.27,7668.7,0.6453
Chad,2012,49.7,2.4,7.01,1116.68,0.3553
Russia,2015,68.33,11.49,14.88,23587.62,0.7905
Brazil,2006,67.22,7.34,14.14,10708.01,0.686
South Africa,2017,60.65,10.09,13.45,12106.27,0.6791
India,2010,62.76,6.2,11.01,5566.57,0.5861
Brazil,2001,65.06,7.17,13.81,9691.87,0.66
Niger,2015,59.52,1.99,6.16,1054.55,0.3655
USA,2009,72.21,12.53,14.91,50407.43,0.8582
Switzerland,2006,77.29,12.65,15.01,51855.89,0.8855
Ethiopia,2006,60.14,2.94,8.9,1743.75,0.4434
Country_Sim_6,2017,62.45,6.85,13.29,5486.84,0.6234
Congo (Dem. Rep.),2005,54.29,6.38,8.84,816.52,0.4151
Country_Sim_147,2016,63.94,8.08,12.53,11541.18,0.6571
Yemen,2021,62.88,3.15,8.96,1462.83,0.4565
Singapore,2004,75.44,10.86,15.06,65904.62,0.8678
Country_Sim_229,2017,66.36,7.88,11.33,5280.3,0.6191
Nigeria,2012,49.8,5.07,9.55,4271.75,0.4863
Country_Sim_135,2012,67.95,6.62,11.5,11964.68,0.6512
Germany,2019,80.09,14.02,16.9,53021.72,0.9383
Australia,2003,75.99,11.3,18.69,34453.97,0.8778
Country_Sim_236,2022,83.4,11.61,17.43,36430.79,0.9019
Country_Sim_138,2019,76.02,8.12,15.76,19815.45,0.7803
Chad,2011,49.24,2.38,6.95,1094.24,0.3538
India,2009,62.85,6.3,11.2,5590.41,0.5958
Chad,2020,51.92,2.42,7.06,1231.57,0.3776
China,2019,77.67,8.0,14.02,16750.0,0.7582
Country_Sim_218,2011,80.2,13.66,15.77,56799.59,0.9323
Country_Sim_19,2021,84.01,12.21,15.77,31399.63,0.9038
Colombia,2006,67.44,8.28,13.4,11147.13,0.7013
Country_Sim_45,2011,51.74,4.34,8.33,1344.45,0.4206
Country_Sim_286,2022,81.63,13.61,16.09,33296.88,0.908
Germany,2003,72.78,12.9,15.55,39743.96,0.8559
Country_Sim_207,2014,67.63,7.8,13.32,4142.41,0.6464
Norway,2002,75.43,11.39,15.95,44975.01,0.8729
Ethiopia,2015,63.02,3.17,9.62,2114.88,0.4778
Egypt,2005,64.56,6.82,12.72,8778.53,0.6447
Country_Sim_215,2011,53.0,2.55,5.0,3982.68,0.3978
Ethiopia,2007,60.67,3.03,9.18,1824.43,0.4573
India,2022,66.63,6.77,12.03,6975.87,0.6362
Country_Sim_305,2013,70.76,9.67,15.05,22286.11,0.7838
Pakistan,2021,66.06,4.46,8.62,4511.48,0.549
Yemen,2000,56.63,2.93,8.32,1032.62,0.406
Switzerland,2010,78.47,13.3,15.79,57610.91,0.915
Switzerland,2008,77.46,12.72,15.1,53623.01,0.8885
China,2001,70.33,7.14,12.52,11806.6,0.6846
Country_Sim_274,2012,79.98,12.17,16.97,59146.73,0.9225
Russia,2008,66.07,11.02,14.27,20715.79,0.7551
India,2011,63.31,6.44,11.43,5858.15,0.5991
Norway,2003,76.0,11.43,16.0,45832.58,0.8737
Russia,2020,71.1,12.42,16.08,26927.73,0.8272
Kenya,2008,56.69,6.05,9.67,3377.1,0.5209
Country_Sim_110,2013,66.35,7.15,11.44,8342.5,0.6469
Colombia,2007,67.33,8.11,13.12,11068.71,0.6922
Japan,2017,82.76,13.03,14.78,38752.69,0.8961
Bangladesh,2016,70.84,6.03,12.05,5014.36,0.6317
USA,2008,72.5,12.83,15.26,50908.89,0.8659
USA,2015,74.26,13.53,16.1,58620.37,0.8932
Turkey,2010,71.91,8.16,17.36,25650.95,0.7974
USA,2013,73.73,13.09,15.58,55397.67,0.8846
Country_Sim_302,2013,81.21,13.43,18.5,71440.97,0.9612
Country_Sim_100,2012,84.76,11.79,16.52,46716.84,0.9209
Country_Sim_205,2018,65.06,7.97,10.67,7767.47,0.6324
South Africa,2007,57.99,9.34,12.46,9901.19,0.6503
India,2001,60.43,5.97,10.6,4704.2,0.5703
Kenya,2013,59.22,6.23,9.95,3705.1,0.5496
Country_Sim_227,2015,57.17,4.11,5.96,1682.62,0.415
Country_Sim_233,2019,59.05,3.81,9.52,3769.63,0.5108
Norway,2005,76.17,11.76,16.46,48592.48,0.8794
Country_Sim_42,2020,82.51,11.98,18.44,31347.41,0.9141
Pakistan,2005,60.7,4.04,7.81,3361.44,0.4878
Japan,2005,77.25,12.38,14.04,31590.75,0.8523
Mexico,2013,67.27,8.64,14.0,15148.56,0.7175
Egypt,2012,66.48,7.23,13.47,10221.27,0.6828
Country_Sim_179,2020,76.61,11.33,19.99,47965.16,0.9135
Country_Sim_109,2010,77.28,11.75,18.33,38652.95,0.8991
Indonesia,2012,63.74,7.98,12.72,9467.5,0.6558
Central African Republic,2010,51.14,4.11,7.64,800.22,0.3803
Indonesia,2013,64.55,8.07,12.85,9683.81,0.6756
Nigeria,2007,48.97,4.83,9.1,3810.67,0.4627
United Kingdom,2003,73.66,12.01,15.42,32575.84,0.8414
Country_Sim_211,2012,81.96,11.49,17.85,40189.87,0.9091
China,2020,77.18,7.95,13.93,16818.5,0.7611
Kenya,2017,60.01,6.46,10.31,4022.69,0.5624
Norway,2009,77.09,12.22,17.11,53424.6,0.8956
Russia,2012,68.07,11.65,15.09,23069.58,0.7836
Niger,2005,56.54,1.95,6.04,907.48,0.3534
USA,2012,73.95,13.3,15.83,55598.12,0.8903
Country_Sim_94,2016,66.28,6.48,13.02,5294.33,0.637
Yemen,2012,60.86,3.09,8.79,1296.79,0.4366
Country_Sim_108,2018,63.25,8.05,11.53,4277.72,0.6054
China,2009,73.77,7.56,13.25,14055.39,0.7337
Turkey,2014,73.31,8.09,17.22,26733.77,0.8039
Brazil,2004,65.65,7.39,14.22,10459.41,0.6754
Country_Sim_28,2011,54.17,3.82,5.7,2276.17,0.4113
Egypt,2014,67.67,7.02,13.09,10173.04,0.6749
Morocco,2012,69.61,5.62,13.53,6221.56,0.6454
Brazil,2020,72.71,7.83,15.09,13552.16,0.7462
Country_Sim_261,2018,70.04,11.42,16.38,19507.95,0.8026
Country_Sim_257,2011,72.22,9.0,13.32,17981.69,0.7465
Country_Sim_107,2016,65.69,8.3,12.98,10274.88,0.6834
Nigeria,2018,52.1,4.97,9.37,4492.04,0.4878
Pakistan,2004,59.88,4.15,8.02,3401.55,0.4856
Egypt,2017,69.09,7.42,13.84,11129.96,0.6949
Pakistan,2008,61.45,4.3,8.32,3734.94,0.5084
Country_Sim_246,2015,51.9,1.71,7.79,1124.14,0.3643
Bangladesh,2014,70.02,5.98,11.96,4864.79,0.6202
Norway,2007,76.75,11.88,16.63,50512.09,0.8912
Australia,2017,80.55,12.74,21.0,46650.15,0.953
Ethiopia,2012,62.04,2.98,9.02,1913.96,0.4618
Morocco,2003,67.06,5.46,13.14,5335.03,0.6251
Pakistan,2022,66.75,4.55,8.8,4653.11,0.5516
Bangladesh,2008,67.27,5.93,11.86,4467.48,0.604
Country_Sim_89,2022,72.78,11.22,16.48,12853.31,0.8025
Country_Sim_260,2012,53.29,5.11,6.08,4037.42,0.4656
India,2012,64.44,6.2,11.01,5709.4,0.6052
Yemen,2001,56.7,2.83,8.06,1016.83,0.4015
Country_Sim_245,2015,77.24,13.41,19.49,70984.87,0.9413
Congo (Dem. Rep.),2015,57.14,6.79,9.41,989.84,0.4672
Yemen,2019,62.7,3.22,9.15,1461.71,0.4675
Ethiopia,2001,58.53,2.95,8.93,1620.48,0.4419
Yemen,2006,58.22,3.0,8.52,1160.12,0.4247
Country_Sim_18,2013,58.26,3.0,5.83,2222.12,0.4161
Morocco,2011,69.84,5.68,13.66,6204.42,0.647
Morocco,2016,71.73,5.76,13.87,6690.63,0.6683
Brazil,2021,72.2,8.12,15.64,14193.43,0.7529
Egypt,2007,65.35,6.71,12.51,8882.94,0.6464
Country_Sim_39,2012,72.33,10.57,14.85,27074.49,0.8019
Brazil,2005,66.12,7.34,14.13,10549.06,0.6877
USA,2010,72.86,13.03,15.5,53100.36,0.8764
Australia,2010,77.98,11.91,19.7,40092.48,0.9098
Colombia,2003,65.35,7.99,12.92,10281.02,0.6729
Central African Republic,2007,49.81,3.92,7.28,732.34,0.3625
Country_Sim_88,2018,62.29,6.94,12.49,5066.52,0.6103
Kenya,2000,54.98,6.09,9.73,3013.1,0.5047
India,2020,66.21,6.58,11.69,6641.87,0.6257
Nigeria,2002,47.29,4.6,8.68,3373.75,0.4398
Country_Sim_22,2011,70.27,8.11,14.36,15040.47,0.7323
United Kingdom,2018,79.79,13.38,17.17,44051.53,0.9138
Country_Sim_14,2010,66.49,5.75,11.7,12191.21,0.6438
Colombia,2012,69.61,8.36,13.53,12191.22,0.7132
Country_Sim_33,2019,76.87,9.69,16.02,23185.9,0.837
Central African Republic,2008,50.12,4.01,7.46,760.16,0.364
Norway,2000,74.72,11.48,16.08,43887.13,0.8657
Colombia,2017,71.16,8.58,13.89,13266.64,0.7322
Country_Sim_17,2017,59.87,4.93,9.58,2223.94,0.4969
Ethiopia,2018,63.09,3.09,9.37,2131.52,0.4847
Country_Sim_183,2022,67.12,5.52,13.32,7733.34,0.6494
Ethiopia,2003,59.23,2.89,8.75,1640.0,0.4422
Pakistan,2017,63.93,4.31,8.34,4182.68,0.5251
South Africa,2013,59.76,9.77,13.03,11195.57,0.6695
Singapore,2011,78.95,11.49,15.93,76783.9,0.9006
United Kingdom,2010,76.24,12.73,16.34,38110.44,0.8741
South Africa,2003,55.94,9.05,12.06,9039.48,0.628
Bangladesh,2006,66.29,5.86,11.73,4297.73,0.5887
Congo (Dem. Rep.),2000,53.18,6.06,8.4,716.75,0.4011
Country_Sim_214,2019,77.58,13.35,16.1,42001.41,0.905
USA,2021,76.18,13.73,16.34,63504.82,0.916
Country_Sim_250,2016,57.43,2.83,9.64,3879.45,0.485
Singapore,2020,81.75,11.57,16.05,85761.78,0.9254
Mexico,2021,69.63,9.33,15.11,17866.94,0.7553
Country_Sim_206,2016,74.67,10.72,16.02,17963.63,0.8033
USA,2000,68.7,12.25,14.57,43077.86,0.8306
Turkey,2015,73.18,8.17,17.39,27321.08,0.8023
United Kingdom,2016,78.78,12.66,16.26,40786.95,0.8927
Colombia,2001,65.57,7.84,12.69,9781.37,0.6711
Bangladesh,2010,67.71,5.8,11.61,4491.3,0.609
India,2004,60.56,5.93,10.53,4898.61,0.5643
Australia,2006,76.58,12.01,19.86,38288.61,0.9137
Bangladesh,2009,68.14,5.74,11.48,4384.2,0.5934
Yemen,2005,57.8,2.96,8.42,1130.62,0.4062
United Kingdom,2020,79.99,13.49,17.31,45361.98,0.9247
Morocco,2013,70.48,5.58,13.42,6248.04,0.6551
Singapore,2003,75.34,10.78,14.95,64428.41,0.8697
Switzerland,2005,76.75,12.74,15.12,51475.11,0.8864
Country_Sim_84,2022,84.64,12.83,19.89,71652.06,0.9957
Russia,2009,67.19,11.15,14.44,21239.13,0.7631
Indonesia,2020,66.92,8.33,13.27,10820.8,0.6987
Country_Sim_163,2012,84.9,11.81,19.71,32356.07,0.933
Singapore,2008,76.91,11.0,15.25,70640.31,0.8729
Country_Sim_16,2011,78.48,12.07,18.94,54553.07,0.9319
Australia,2002,74.69,11.75,19.42,35251.15,0.8889
Singapore,2012,79.42,11.28,15.64,76312.43,0.9053
Norway,2006,76.22,11.91,16.68,49955.18,0.8822
Country_Sim_56,2020,70.44,7.53,10.92,6288.08,0.6449
Pakistan,2018,64.96,4.28,8.28,4200.41,0.5309
USA,2004,70.75,12.81,15.25,48019.62,0.8521
Country_Sim_221,2010,68.26,6.34,13.06,12355.45,0.6801
Country_Sim_124,2013,63.72,8.28,10.71,7873.37,0.6355
China,2008,72.5,7.42,13.01,13619.12,0.7057
Australia,2007,77.16,11.72,19.37,37871.42,0.9061
Country_Sim_103,2017,70.88,9.18,16.5,19709.27,0.7829
China,2004,71.66,7.2,12.62,12476.55,0.6981
Brazil,2013,69.06,7.6,14.63,12148.06,0.714
Country_Sim_234,2016,54.93,3.11,9.42,4082.25,0.4786
Nigeria,2017,51.18,4.93,9.29,4406.36,0.4836
United Kingdom,2017,78.02,13.23,16.98,43076.54,0.8998
Country_Sim_301,2012,65.18,6.97,13.08,9330.71,0.6638
Country_Sim_85,2016,73.34,10.51,13.87,24171.69,0.7967
Russia,2001,63.44,10.71,13.87,18144.91,0.7343
Switzerland,2018,81.56,13.45,15.96,64022.69,0.9374
Country_Sim_7,2022,58.76,5.03,8.35,1532.69,0.4661
Japan,2016,82.38,13.34,15.13,39229.54,0.9161
Yemen,2013,60.95,3.11,8.84,1319.97,0.4353
Germany,2010,76.93,12.93,15.59,43998.94,0.8875
South Africa,2014,60.02,9.62,12.82,11147.35,0.6675
Morocco,2005,67.91,5.36,12.91,5403.87,0.6219
Country_Sim_68,2014,67.75,5.73,11.65,7309.6,0.6259
Country_Sim_308,2020,70.1,7.25,12.69,7283.4,0.6691
Switzerland,2001,74.92,12.3,14.6,46728.96,0.8657
Pakistan,2007,60.84,4.18,8.08,3579.4,0.4996
Ethiopia,2010,61.58,3.04,9.21,1904.03,0.4636
Ethiopia,2002,58.56,2.81,8.53,1572.3,0.4366
Niger,2020,61.26,2.12,6.57,1189.15,0.3927
Country_Sim_5,2016,78.56,13.86,17.66,78392.45,0.9523
Country_Sim_237,2017,71.5,5.91,12.7,9690.14,0.6708
India,2016,65.68,6.34,11.26,6125.1,0.6087
Germany,2005,74.13,13.05,15.73,41444.42,0.8735
Kenya,2001,54.85,5.85,9.34,2938.21,0.5041
Kenya,2010,57.72,6.23,9.94,3567.26,0.5285
Country_Sim_231,2017,52.38,2.16,6.2,3340.53,0.3978
Country_Sim_92,2014,84.77,11.1,19.2,71347.47,0.9601
Mexico,2011,65.88,8.45,13.68,14439.75,0.7099
Country_Sim_128,2022,74.38,9.31,13.18,23922.24,0.7778
Country_Sim_21,2014,61.86,3.32,8.44,1062.21,0.4241
Burundi,2015,59.46,2.99,10.34,627.16,0.3991
Country_Sim_143,2010,69.21,7.98,11.84,11252.6,0.6795
Kenya,2012,58.51,6.41,10.24,3766.84,0.5438
Morocco,2010,69.92,5.65,13.59,6096.57,0.6401
Norway,2018,81.61,12.57,17.6,61224.55,0.943
Country_Sim_26,2019,80.88,13.67,19.17,54224.27,0.9603
Nigeria,2000,46.51,4.57,8.6,3238.51,0.4458
Congo (Dem. Rep.),2016,57.5,6.71,9.29,988.84,0.462
Bangladesh,2019,71.34,6.09,12.18,5238.24,0.6364
Egypt,2022,70.61,7.25,13.52,11463.86,0.6899
USA,2014,74.55,13.31,15.84,57002.49,0.8981
Germany,2015,77.83,13.2,15.92,47763.2,0.8974
Central African Republic,2017,52.19,4.23,7.87,896.22,0.3996
Mexico,2019,68.49,8.9,14.42,16701.06,0.7398
Turkey,2009,71.14,7.93,16.88,24616.69,0.778
Egypt,2015,67.85,6.96,12.97,10199.67,0.6788
Egypt,2009,66.27,6.97,12.99,9484.58,0.6554
Morocco,2019,72.74,5.77,13.89,6921.39,0.6747
Turkey,2002,67.91,7.86,16.73,22043.21,0.7584
Norway,2012,79.03,12.07,16.9,54827.78,0.9144
Singapore,2021,82.7,11.84,16.42,88668.18,0.9406
Indonesia,2000,59.83,7.74,12.33,7726.76,0.6241
Country_Sim_192,2015,76.17,10.05,15.92,24208.97,0.838
Niger,2017,59.64,2.0,6.19,1084.3,0.38
Brazil,2016,70.44,7.83,15.08,12965.48,0.7271
Congo (Dem. Rep.),2020,58.88,6.95,9.63,1070.53,0.4687
Country_Sim_281,2012,63.69,6.56,12.79,8563.74,0.6292
Chad,2009,49.21,2.36,6.89,1055.99,0.3492
Ethiopia,2016,63.4,3.08,9.32,2074.13,0.4751
Yemen,2007,58.99,2.98,8.46,1168.65,0.4179
Central African Republic,2012,51.34,4.1,7.64,819.8,0.3734
Singapore,2015,79.35,11.23,15.57,78752.35,0.9071
Chad,2021,52.11,2.49,7.28,1284.08,0.3783
Burundi,2006,56.47,2.78,9.61,519.12,0.3781
Yemen,2010,60.36,2.97,8.44,1213.01,0.4302
Country_Sim_184,2018,81.74,13.57,18.38,37613.95,0.9445
South Africa,2002,55.73,9.35,12.46,9192.86,0.6306
Singapore,2002,74.78,10.46,14.51,61539.25,0.8566
China,2018,76.38,7.73,13.54,16010.55,0.7447
Central African Republic,2013,51.37,4.18,7.78,845.24,0.3813
Country_Sim_196,2021,68.19,8.32,12.83,5151.43,0.6581
Burundi,2002,55.87,2.83,9.78,497.47,0.3645
Indonesia,2007,62.5,8.13,12.95,9028.15,0.6618
South Africa,2021,61.89,10.39,13.86,13011.99,0.7057
USA,2005,70.48,12.38,14.73,47091.96,0.8381
Japan,2021,84.71,13.03,14.78,40422.21,0.9178
Niger,2000,54.75,1.84,5.7,792.39,0.335
Country_Sim_272,2013,78.86,11.91,15.44,34945.39,0.8737
Indonesia,2022,67.62,8.51,13.56,11281.3,0.7004
Japan,2012,79.83,12.83,14.56,35989.37,0.887
Japan,2022,85.0,13.5,15.32,42324.94,0.9324
Bangladesh,2003,66.01,5.53,11.05,3872.86,0.5828
Kenya,2019,60.38,6.55,10.46,4168.66,0.5614
Morocco,2020,73.65,5.88,14.15,7126.84,0.6914
South Africa,2018,60.49,10.29,13.72,12480.79,0.6829
Japan,2000,76.19,12.09,13.71,28521.73,0.8232
Country_Sim_241,2012,78.04,14.13,18.92,68483.79,0.9596
USA,2020,75.99,13.78,16.4,63085.67,0.9102
India,2014,64.16,6.55,11.64,6187.06,0.6131
Country_Sim_299,2015,51.14,2.76,5.48,1207.59,0.3602
Country_Sim_232,2019,67.02,6.24,11.91,9957.22,0.6371
Country_Sim_244,2010,50.33,3.59,6.09,4457.73,0.4253
Niger,2007,56.69,1.91,5.93,916.7,0.3498
Yemen,2018,62.41,3.06,8.71,1377.71,0.4494
Niger,2013,58.3,2.06,6.37,1065.21,0.3751
Japan,2002,75.68,12.02,13.63,29292.35,0.8329
Norway,2011,78.53,12.42,17.39,55719.18,0.9157
South Africa,2005,57.05,9.08,12.11,9352.15,0.6332
Ethiopia,2004,58.94,2.85,8.64,1643.75,0.4348
Switzerland,2020,83.14,13.47,15.99,65503.97,0.9487
Switzerland,2019,82.74,13.78,16.36,66328.18,0.9521
India,2007,62.12,6.36,11.3,5490.19,0.5898
Singapore,2006,75.74,11.08,15.37,69237.54,0.8838
Nigeria,2014,50.72,5.0,9.42,4317.42,0.4872
Country_Sim_187,2015,80.54,14.32,19.16,49933.72,0.962
Yemen,2022,64.36,3.16,8.99,1481.89,0.4533
Country_Sim_67,2010,54.77,4.55,7.27,1569.01,0.4307
Japan,2008,79.27,12.35,14.01,32893.27,0.8638
Bangladesh,2012,69.11,5.73,11.45,4545.04,0.6036
Singapore,2017,80.69,11.88,16.47,85231.96,0.9281
Morocco,2007,68.32,5.61,13.51,5819.48,0.6371
Bangladesh,2002,64.82,5.47,10.95,3776.01,0.5686
Country_Sim_181,2021,60.7,4.9,7.03,554.79,0.3813
Country_Sim_193,2022,75.18,8.33,15.08,25350.16,0.7867
Burundi,2013,58.47,2.98,10.28,609.1,0.401
Singapore,2016,80.07,11.32,15.7,80336.76,0.9077
South Africa,2004,57.19,9.02,12.03,9152.34,0.6327
Country_Sim_222,2018,52.85,1.7,8.62,946.37,0.3742
Country_Sim_104,2020,57.93,1.81,7.72,3337.28,0.4476
Country_Sim_271,2022,63.32,7.04,11.08,4838.77,0.5983
Burundi,2017,60.09,3.09,10.68,662.75,0.421
Indonesia,2015,65.18,8.2,13.07,10086.91,0.6723
Country_Sim_267,2011,70.3,8.34,11.41,6380.64,0.6606
Country_Sim_62,2021,61.17,2.0,8.69,4398.37,0.4854
Mexico,2004,64.39,8.23,13.32,12767.83,0.6855
Ethiopia,2009,61.19,2.95,8.94,1824.25,0.4692
India,2013,63.73,6.47,11.5,6038.7,0.6036
Norway,2015,79.8,12.24,17.13,57611.54,0.9216
India,2002,60.01,5.94,10.54,4754.3,0.5539
Country_Sim_69,2016,73.05,9.16,14.2,26041.5,0.7767
Brazil,2015,70.78,7.75,14.93,12690.09,0.7333
Singapore,2018,80.4,11.45,15.87,83038.06,0.9214
Country_Sim_294,2010,51.53,3.27,5.21,3238.5,0.3957
Norway,2022,82.56,12.89,18.05,65439.52,0.959
Egypt,2011,65.82,7.11,13.26,9933.54,0.668
Chad,2022,52.09,2.57,7.51,1337.19,0.382
Country_Sim_172,2015,70.22,7.48,12.89,6447.51,0.6671
India,2018,66.26,6.71,11.92,6626.93,0.6333
Bangladesh,2017,70.6,5.98,11.96,5031.38,0.6252
Ethiopia,2022,65.04,3.23,9.78,2319.86,0.5026
Country_Sim_144,2017,56.64,2.52,8.71,806.54,0.3828
Russia,2019,70.09,11.74,15.2,25184.79,0.8057
Central African Republic,2009,50.55,3.93,7.3,754.51,0.361
Japan,2001,75.55,12.21,13.84,29279.55,0.835
Congo (Dem. Rep.),2006,54.18,6.61,9.16,858.22,0.4317
Germany,2022,81.41,14.43,17.4,56293.75,0.9553
Central African Republic,2001,48.28,3.88,7.22,663.56,0.3451
Turkey,2008,71.27,7.77,16.53,23782.32,0.7774
Country_Sim_155,2016,61.34,4.29,7.48,4232.51,0.5037
Bangladesh,2020,71.92,6.13,12.27,5331.43,0.6451
Australia,2015,80.88,12.57,20.79,44993.64,0.9606
USA,2006,71.1,12.35,14.7,47675.45,0.848
Country_Sim_41,2012,61.25,4.79,9.05,4037.7,0.5223
Morocco,2009,69.06,5.64,13.58,6009.96,0.6474
Russia,2004,64.56,10.79,13.98,19162.08,0.744
Mexico,2018,68.23,8.75,14.18,16243.09,0.7297
China,2006,72.26,7.33,12.85,13083.94,0.7131
Nigeria,2004,48.1,4.84,9.12,3658.57,0.4525
United Kingdom,2002,73.03,11.97,15.36,31952.74,0.8378
Country_Sim_254,2013,52.6,2.65,7.78,616.62,0.354
Kenya,2006,56.49,6.04,9.65,3278.76,0.5127
Country_Sim_136,2017,52.4,3.97,8.71,3451.67,0.4636
Yemen,2016,62.42,3.2,9.09,1405.81,0.4571
United Kingdom,2011,76.7,12.88,16.54,39081.97,0.8875
United Kingdom,2001,72.67,12.17,15.63,31983.81,0.84
Pakistan,2013,62.84,4.37,8.45,4045.97,0.5159
Country_Sim_4,2017,77.97,12.39,15.22,45280.21,0.8801
Germany,2011,76.5,13.2,15.91,45481.45,0.8954
Country_Sim_174,2013,71.53,10.08,13.93,24577.41,0.7875
Country_Sim_223,2012,53.37,2.19,6.9,3705.78,0.4175
Indonesia,2001,60.23,7.77,12.38,7881.39,0.6238
Mexico,2015,67.4,8.66,14.03,15548.12,0.7261
Germany,2000,72.46,12.45,15.01,36557.67,0.8457
Egypt,2004,64.11,6.81,12.71,8642.2,0.645
Russia,2011,67.43,11.24,14.56,21986.23,0.7811
Country_Sim_310,2018,78.84,11.2,18.83,68615.91,0.932
Country_Sim_145,2019,83.45,11.76,19.05,73249.68,0.9569
Country_Sim_47,2012,80.94,11.77,15.17,41804.54,0.8817
Mexico,2010,65.87,8.72,14.13,14722.11,0.7098
Morocco,2006,67.46,5.59,13.46,5714.24,0.6261
Burundi,2008,57.15,2.85,9.83,546.27,0.3698
Colombia,2005,66.92,8.33,13.47,11044.22,0.6968
India,2019,66.07,6.44,11.43,6426.21,0.629
Country_Sim_277,2015,68.97,6.08,12.42,6338.45,0.6308
Australia,2011,79.39,12.34,20.41,42079.59,0.9352
United Kingdom,2009,75.38,12.63,16.21,37322.92,0.8674
Country_Sim_97,2012,70.5,8.24,16.29,21631.49,0.7681
Germany,2004,73.49,12.84,15.48,40179.13,0.8562
Egypt,2008,65.01,6.68,12.45,8969.25,0.6506
Country_Sim_238,2014,76.41,11.76,15.08,61977.94,0.8758
Australia,2004,76.42,11.22,18.55,34722.99,0.8814
Pakistan,2010,62.26,4.34,8.4,3874.16,0.5143
South Africa,2008,58.11,9.46,12.61,10161.84,0.6492
Central African Republic,2004,48.88,3.83,7.13,686.7,0.344
Colombia,2021,72.22,9.12,14.76,14709.2,0.7536
Norway,2019,82.75,12.48,17.47,61421.04,0.943
Country_Sim_120,2017,61.88,2.8,9.71,4158.92,0.5063
Country_Sim_101,2013,50.02,4.42,9.83,1397.17,0.4294
Country_Sim_119,2016,61.78,4.64,8.67,964.76,0.4508
South Africa,2016,60.71,10.11,13.48,11998.39,0.6773
Ethiopia,2008,60.37,3.01,9.12,1837.51,0.4641
Niger,2022,61.58,2.09,6.48,1197.0,0.3936
Switzerland,2015,80.8,13.11,15.56,60346.49,0.9222
Singapore,2014,78.9,11.13,15.44,77184.5,0.9029
China,2015,76.11,8.02,14.06,16070.7,0.7556
Country_Sim_139,2020,68.38,8.0,12.0,8815.23,0.6683
Burundi,2000,55.37,2.8,9.66,475.75,0.3588
Country_Sim_65,2012,84.2,13.93,18.55,82186.53,0.9808
Country_Sim_169,2015,67.97,7.46,13.17,9209.26,0.6727
Australia,2016,79.94,11.98,19.81,43373.28,0.9355
Turkey,2011,72.06,8.18,17.4,26041.11,0.8031
Niger,2004,55.67,1.94,6.01,889.96,0.3426
Congo (Dem. Rep.),2017,58.02,6.88,9.53,1025.82,0.4686
Country_Sim_54,2012,70.67,7.22,13.22,12486.85,0.6976
Norway,2017,80.89,12.93,18.1,62254.17,0.9436
United Kingdom,2012,76.74,12.39,15.91,38062.03,0.8705
India,2000,60.39,6.1,10.83,4726.65,0.5649
Mexico,2002,63.81,8.07,13.08,12150.01,0.6705
Chad,2013,50.49,2.34,6.84,1102.56,0.3582
Country_Sim_275,2013,81.15,13.82,18.8,38464.49,0.9361
Russia,2006,65.53,10.96,14.19,20036.35,0.7444
United Kingdom,2000,71.36,11.77,15.11,30416.94,0.8245
Niger,2018,60.07,2.02,6.27,1109.41,0.3792
Niger,2008,57.0,2.0,6.19,971.11,0.3646
Singapore,2019,81.2,11.49,15.93,84242.7,0.9242
Colombia,2002,65.64,7.9,12.78,10011.24,0.6759
Country_Sim_70,2012,56.82,4.15,7.74,4017.02,0.4742
Country_Sim_23,2022,75.29,9.6,14.01,29101.58,0.7957
Country_Sim_34,2011,75.33,9.35,14.79,21354.18,0.7866
Burundi,2018,60.71,3.05,10.54,661.62,0.4198
Country_Sim_290,2017,70.35,11.12,15.02,22714.47,0.7963
Kenya,2011,57.69,6.38,10.2,3705.04,0.5387
Country_Sim_295,2010,83.54,11.45,15.63,74738.9,0.9233
Switzerland,2022,84.38,13.68,16.24,67913.82,0.9639
Country_Sim_220,2014,52.72,4.18,7.34,3594.21,0.4483
Australia,2019,81.58,12.45,20.58,46555.84,0.9598
Country_Sim_162,2022,60.18,3.68,9.91,2301.91,0.4772
Singapore,2010,78.02,11.12,15.41,73341.89,0.8927
Norway,2016,80.42,12.27,17.17,58421.18,0.918
Kenya,2005,56.48,6.17,9.85,3298.9,0.5259
Germany,2002,72.62,12.55,15.14,38086.0,0.8484
Country_Sim_282,2014,72.31,9.97,15.98,15829.04,0.7715
Country_Sim_251,2012,52.87,3.55,8.87,676.16,0.3751
Kenya,2009,57.33,6.44,10.28,3641.0,0.541
Country_Sim_263,2010,84.91,11.09,18.02,66272.83,0.9394
Pakistan,2020,65.43,4.48,8.66,4487.29,0.535
Turkey,2007,69.98,7.8,16.59,23551.73,0.7722
Country_Sim_29,2015,64.07,7.85,12.7,6704.4,0.6518
Country_Sim_188,2015,81.68,11.19,18.22,83583.62,0.9457
Brazil,2018,71.91,7.81,15.04,13226.02,0.745
Switzerland,2003,76.34,12.29,14.59,48208.96,0.8722
Country_Sim_265,2019,75.43,8.46,14.98,20402.79,0.7778
Morocco,2000,65.43,5.37,12.92,4999.04,0.6152
Country_Sim_262,2020,59.67,5.29,7.0,3633.19,0.4952
Egypt,2019,68.9,7.08,13.2,10853.13,0.6926
Brazil,2022,72.85,8.16,15.71,14403.02,0.7541
Switzerland,2014,80.19,13.28,15.76,60419.11,0.9227
Country_Sim_276,2022,72.86,10.38,13.2,12658.78,0.7575
Indonesia,2006,61.61,7.78,12.39,8514.86,0.6314
Pakistan,2009,61.97,4.09,7.91,3601.56,0.5062
Country_Sim_278,2018,78.07,12.44,16.2,66981.11,0.9068
Country_Sim_161,2015,50.19,2.62,6.04,667.94,0.3282
Country_Sim_15,2015,65.43,7.69,12.46,11610.44,0.6697
Country_Sim_152,2017,64.44,6.3,11.51,10744.51,0.6378
Russia,2010,67.26,11.53,14.94,22264.33,0.78
Country_Sim_165,2010,72.45,11.25,14.33,27795.99,0.8166
Country_Sim_175,2021,59.13,2.25,5.44,3295.8,0.4138
Nigeria,2020,52.19,5.18,9.76,4781.69,0.4937
Country_Sim_280,2013,84.91,11.11,17.22,57754.05,0.928
Country_Sim_141,2015,70.2,8.74,13.98,25546.24,0.754
Yemen,2004,57.96,2.89,8.23,1087.87,0.4137
Country_Sim_279,2020,58.08,4.8,6.98,1125.27,0.4302
Singapore,2001,74.36,10.48,14.53,60646.25,0.8401
Country_Sim_219,2011,67.97,8.5,12.81,7580.79,0.6726
Australia,2014,80.39,12.49,20.66,44183.15,0.9393
Country_Sim_112,2017,56.71,3.5,8.53,2637.16,0.4645
Country_Sim_304,2019,68.17,8.05,11.09,5129.95,0.6386
Country_Sim_66,2019,84.15,11.93,18.62,78270.59,0.9678
Japan,2019,83.23,12.86,14.59,39078.02,0.8978
Brazil,2019,71.77,7.92,15.26,13561.36,0.7419
Burundi,2021,61.52,3.17,10.93,708.14,0.4262
Japan,2011,80.32,12.59,14.28,34856.43,0.8687
Bangladesh,2007,66.48,5.83,11.66,4332.44,0.6011
Bangladesh,2005,66.1,5.56,11.12,4014.78,0.5717
Country_Sim_61,2016,83.83,13.56,18.24,73793.23,0.9714
Yemen,2011,59.78,3.02,8.6,1252.37,0.4289
Country_Sim_91,2010,76.95,9.35,15.01,19896.47,0.7956
Burundi,2005,56.02,2.9,10.01,533.16,0.3763
United Kingdom,2004,73.81,12.38,15.89,34085.46,0.8594
Germany,2007,75.68,13.37,16.13,43711.15,0.8876
Australia,2013,78.92,12.26,20.28,42854.79,0.928
South Africa,2012,59.18,9.78,13.04,11069.41,0.6629
Country_Sim_256,2016,78.82,13.93,15.25,55553.72,0.9155
Brazil,2000,64.39,7.33,14.11,9735.92,0.6725
Chad,2014,50.74,2.36,6.89,1125.27,0.3645
Country_Sim_154,2022,77.83,12.15,17.73,61647.52,0.9238
Country_Sim_73,2017,68.72,7.25,13.47,6152.43,0.6599
Norway,2008,77.82,12.06,16.88,52002.57,0.9015
Country_Sim_118,2016,73.03,10.4,14.16,13075.13,0.7568
Switzerland,2013,80.8,13.53,16.06,60823.84,0.9331
Morocco,2015,71.23,5.6,13.49,6430.61,0.6611
Chad,2007,48.31,2.26,6.59,983.36,0.3414
Mexico,2000,62.31,8.39,13.59,12222.85,0.6769
Colombia,2004,66.3,7.95,12.86,10385.03,0.6804
Country_Sim_57,2018,77.65,11.97,15.65,67185.95,0.8962
Congo (Dem. Rep.),2019,57.97,7.02,9.73,1069.41,0.4681
Central African Republic,2002,48.47,3.94,7.33,684.35,0.3457
Country_Sim_43,2022,67.49,7.4,12.23,10279.81,0.6694
Country_Sim_202,2015,69.77,5.73,13.46,6442.29,0.6452
Mexico,2009,65.22,8.42,13.64,14032.6,0.6928
Niger,2012,58.71,1.94,6.0,990.74,0.363
Turkey,2021,76.03,8.47,18.03,30231.32,0.8346
Bangladesh,2000,64.61,5.56,11.12,3712.19,0.5668
Australia,2012,79.1,12.21,20.19,42145.21,0.9343
Country_Sim_99,2018,76.34,11.45,18.83,30000.64,0.8766
Central African Republic,2019,53.1,4.31,8.02,933.5,0.3975
Country_Sim_200,2017,51.87,2.33,8.15,1378.83,0.3919
Ethiopia,2021,64.19,3.13,9.48,2225.49,0.4959
Country_Sim_197,2022,66.35,6.69,12.51,12027.04,0.6641
Nigeria,2005,48.05,4.77,8.98,3657.72,0.4638
Australia,2009,77.31,11.72,19.37,38918.13,0.8995
Australia,2008,78.0,11.87,19.63,38905.83,0.9221
Country_Sim_31,2021,63.32,7.28,12.3,7181.15,0.6277
Country_Sim_242,2022,60.48,4.66,8.74,2745.02,0.5091
Country_Sim_50,2011,63.2,8.25,12.66,7613.01,0.6552
Chad,2015,50.68,2.44,7.13,1177.05,0.3594
Egypt,2003,63.73,6.82,12.71,8514.79,0.6441
Pakistan,2003,59.95,4.03,7.78,3251.76,0.4908
India,2003,60.49,5.99,10.64,4873.21,0.5612
Russia,2002,64.15,10.89,14.11,18753.12,0.7326
United Kingdom,2008,75.16,12.8,16.43,37322.5,0.8745
Country_Sim_164,2020,57.3,4.33,6.87,1977.93,0.4367
Niger,2010,57.89,1.92,5.95,958.34,0.3453
Australia,2005,76.21,11.32,18.72,35571.49,0.8832
Country_Sim_269,2019,76.63,10.74,14.1,16709.59,0.7876
Russia,2013,67.91,11.5,14.89,23052.01,0.7835
Niger,2011,58.68,1.97,6.09,992.82,0.3689
Turkey,2003,69.19,7.97,16.95,22689.72,0.7756
Turkey,2017,74.06,8.42,17.91,28789.25,0.8264
South Africa,2009,58.52,9.55,12.74,10400.95,0.6505
United Kingdom,2007,73.92,12.31,15.8,35413.0,0.8565
Singapore,2022,83.5,12.17,16.87,92017.32,0.9595
Russia,2018,69.91,11.65,15.09,24740.78,0.8036
Morocco,2001,66.68,5.34,12.86,5058.29,0.6115
China,2016,75.27,7.83,13.73,15878.03,0.7481
Bangladesh,2001,65.33,5.62,11.24,3816.29,0.5786
Country_Sim_243,2017,72.96,10.78,13.11,26858.96,0.7905
Country_Sim_76,2015,63.64,7.43,12.93,12526.56,0.6731
Country_Sim_217,2019,61.05,1.66,6.46,1330.16,0.3891
Country_Sim_146,2012,60.52,1.91,6.96,2713.48,0.4268
Country_Sim_198,2017,72.91,8.59,14.66,13049.23,0.7424
United Kingdom,2014,77.88,12.59,16.16,39612.9,0.8858
Central African Republic,2016,52.69,4.09,7.61,857.05,0.3823
South Africa,2011,58.68,9.91,13.22,11079.05,0.6685
Country_Sim_95,2016,71.04,8.04,11.7,10867.98,0.6891
Country_Sim_81,2015,84.83,13.78,19.27,43308.74,0.9703
Country_Sim_46,2016,71.07,8.93,13.08,23081.89,0.7498
Country_Sim_224,2017,77.9,12.95,19.28,75928.63,0.9539
Brazil,2012,69.57,7.53,14.5,11892.29,0.7125
Central African Republic,2020,53.54,4.38,8.15,958.25,0.4056
Country_Sim_226,2016,64.93,6.5,11.38,4373.49,0.5982
Country_Sim_63,2020,82.14,12.64,17.9,34693.77,0.9161
Country_Sim_117,2015,57.46,2.84,8.66,2118.11,0.443
Country_Sim_230,2011,76.94,9.89,16.45,29840.93,0.8383
Central African Republic,2003,49.06,3.79,7.05,667.95,0.3424
Country_Sim_185,2021,56.83,4.97,6.9,1985.94,0.4431
Country_Sim_71,2022,80.92,13.9,18.03,46012.93,0.9345
Indonesia,2018,66.73,8.53,13.58,10841.37,0.6908
Country_Sim_283,2019,68.89,7.97,12.17,11015.65,0.6774
Kenya,2003,55.93,6.11,9.77,3172.61,0.5156
Mexico,2014,67.04,8.91,14.44,15807.56,0.7308
Country_Sim_130,2011,52.58,4.16,7.49,3471.3,0.4553
Morocco,2004,67.55,5.28,12.7,5238.09,0.6198
Nigeria,2013,49.98,4.94,9.3,4212.9,0.4855
Japan,2020,83.15,13.54,15.36,41583.01,0.9164
Country_Sim_2,2022,55.64,3.29,7.37,2863.47,0.4334
China,2002,70.48,7.09,12.42,11907.15,0.6906
Country_Sim_180,2012,80.19,13.0,16.52,47495.74,0.9178
Niger,2009,57.91,1.96,6.06,963.09,0.3559
Burundi,2004,55.9,2.88,9.93,521.1,0.3767
Indonesia,2005,61.52,8.06,12.83,8693.83,0.647
Country_Sim_292,2017,61.9,4.41,8.92,4477.66,0.5253
Country_Sim_153,2012,61.83,3.16,8.77,3985.87,0.5054
China,2003,71.23,7.26,12.73,12393.94,0.7008
Country_Sim_96,2021,52.45,2.52,6.48,2875.21,0.3885
Burundi,2009,57.17,2.94,10.15,571.72,0.3901
Colombia,2018,70.67,8.58,13.89,13411.61,0.7335
Chad,2004,48.08,2.27,6.63,947.36,0.326
South Africa,2019,61.46,10.27,13.69,12590.8,0.7041
Country_Sim_209,2022,53.94,3.32,8.81,1004.01,0.41
Country_Sim_20,2013,65.11,7.53,12.32,7281.34,0.6412
Egypt,2013,67.62,7.12,13.28,10201.03,0.6748
Mexico,2005,63.84,8.27,13.39,13026.39,0.6847
Country_Sim_55,2016,79.4,14.28,18.38,36381.25,0.9172
Central African Republic,2006,49.96,4.05,7.53,746.22,0.3625
Central African Republic,2011,50.96,3.99,7.43,787.35,0.3739
Turkey,2006,70.39,7.74,16.47,23050.19,0.7697
Indonesia,2008,62.47,8.22,13.1,9258.99,0.6599
Indonesia,2016,65.01,8.1,12.9,10070.01,0.6695
Brazil,2017,70.7,7.88,15.18,13197.88,0.733
Country_Sim_264,2016,77.63,13.18,16.11,46896.9,0.8975
Country_Sim_125,2015,55.5,1.87,7.77,3066.53,0.4341
Pakistan,2012,62.68,4.3,8.32,3936.04,0.5086
Egypt,2002,63.66,6.57,12.25,8075.52,0.6384
Nigeria,2022,53.1,5.16,9.73,4864.9,0.5089
Central African Republic,2018,53.23,4.11,7.64,879.85,0.3832
Country_Sim_298,2018,67.49,6.64,12.32,7498.54,0.6498
Country_Sim_239,2019,60.48,3.59,8.5,2143.43,0.4705
Country_Sim_216,2019,77.37,12.6,16.76,35157.71,0.8819
Niger,2021,60.78,2.09,6.48,1185.09,0.3865
Country_Sim_166,2019,75.41,9.92,13.23,26563.79,0.7878
Country_Sim_114,2014,65.1,6.37,13.11,10054.33,0.6543
Chad,2001,47.21,2.18,6.37,868.03,0.3259
Country_Sim_157,2012,82.99,13.14,19.29,67028.55,0.9854
Congo (Dem. Rep.),2004,53.58,6.53,9.05,823.63,0.4206
Country_Sim_268,2020,71.5,9.47,13.03,28301.15,0.7745
Yemen,2002,57.27,2.97,8.43,1081.27,0.4077
Country_Sim_106,2018,69.14,7.78,10.81,8624.69,0.6572
USA,2016,74.19,13.35,15.89,58513.54,0.8914
China,2012,74.39,7.89,13.84,15260.67,0.7462
Country_Sim_9,2010,62.6,7.31,12.56,5030.39,0.6018
Australia,2021,83.52,12.84,21.0,49043.96,0.9746
Kenya,2018,60.08,6.58,10.5,4142.71,0.5549
Switzerland,2012,79.68,12.99,15.42,57692.6,0.9107
Ethiopia,2011,61.56,3.05,9.24,1936.25,0.4683
Singapore,2009,77.18,11.4,15.8,74206.88,0.9035
Chad,2010,49.69,2.33,6.8,1056.56,0.3533
Country_Sim_201,2013,59.92,2.96,6.77,1709.92,0.4257
Country_Sim_168,2016,52.34,5.06,8.75,4132.91,0.4941
Country_Sim_158,2017,58.58,5.03,8.66,3289.1,0.5085
Country_Sim_255,2017,77.98,12.81,18.55,35265.1,0.9152
Country_Sim_44,2015,58.18,1.95,9.21,1468.92,0.4276
Japan,2003,76.24,12.06,13.68,29865.95,0.8395
Congo (Dem. Rep.),2011,55.99,6.49,8.99,900.72,0.4467
China,2010,73.63,7.46,13.07,14051.54,0.7346
Country_Sim_53,2018,79.06,14.29,15.41,81198.81,0.9337
Congo (Dem. Rep.),2022,58.61,7.02,9.73,1103.58,0.4733
Country_Sim_1,2012,76.03,11.14,18.02,79905.91,0.911
Pakistan,2000,59.34,3.9,7.54,3000.68,0.4688
Congo (Dem. Rep.),2001,53.09,6.45,8.93,775.2,0.4224
Country_Sim_199,2018,70.52,9.53,14.85,30720.77,0.7887
Russia,2022,71.38,12.51,16.21,27695.59,0.8268
South Africa,2001,55.35,9.07,12.1,8781.85,0.6258
Country_Sim_105,2018,75.46,10.04,16.33,12806.02,0.7924
South Africa,2006,57.66,9.5,12.67,9929.93,0.6476
Country_Sim_77,2019,58.7,3.66,5.3,3260.0,0.4344
Country_Sim_159,2015,80.19,14.06,16.02,37006.25,0.9096
Brazil,2010,68.0,7.81,15.05,12034.4,0.71
Norway,2004,75.28,12.07,16.89,49141.03,0.8829
Country_Sim_79,2019,84.66,13.17,19.64,71846.99,0.9902
Central African Republic,2021,53.27,4.31,8.02,953.24,0.3989
Country_Sim_240,2015,76.89,11.26,16.81,35069.24,0.8699
Niger,2014,58.85,2.01,6.21,1050.85,0.3744
Country_Sim_49,2014,57.65,3.61,7.32,1438.61,0.4237
Ethiopia,2017,62.98,3.15,9.55,2148.1,0.49
Country_Sim_36,2017,63.09,8.06,11.82,11622.72,0.6645
Burundi,2016,59.97,3.06,10.55,647.47,0.4001
Japan,2006,78.39,12.66,14.37,32791.16,0.8748
Country_Sim_115,2012,53.01,4.0,7.86,3831.32,0.4548
Country_Sim_38,2021,70.72,7.08,12.4,9800.23,0.6783
Congo (Dem. Rep.),2021,59.24,6.9,9.57,1074.1,0.4775
South Africa,2015,59.56,9.59,12.79,11249.15,0.6629
Nigeria,2019,51.71,5.14,9.68,4694.61,0.4943
Germany,2001,73.16,12.31,14.84,36748.85,0.8545
Switzerland,2009,78.01,12.83,15.23,54844.3,0.9023
Country_Sim_90,2010,59.05,5.17,9.75,2808.49,0.5105
Country_Sim_150,2012,73.79,9.21,14.45,25915.86,0.7982
Russia,2016,68.69,11.65,15.09,24195.49,0.7916
United Kingdom,2019,79.89,13.58,17.44,45211.0,0.9237
Switzerland,2004,76.43,12.85,15.26,51188.92,0.8944
Country_Sim_191,2015,63.71,6.86,11.86,10171.3,0.6351
China,2000,70.0,7.38,12.94,12002.1,0.6934
Nigeria,2006,48.64,4.93,9.28,3834.41,0.4619
Country_Sim_83,2019,79.93,13.08,15.37,64228.88,0.9152
Indonesia,2010,63.7,8.21,13.08,9494.4,0.6664
Turkey,2012,72.8,8.01,17.05,25836.76,0.787
Bangladesh,2004,65.9,5.62,11.25,4001.82,0.5873
Burundi,2007,57.04,2.78,9.61,526.63,0.3759
South Africa,2000,54.98,8.82,11.76,8400.93,0.6036
Yemen,2017,62.11,3.15,8.95,1399.37,0.4563
Nigeria,2015,51.12,4.89,9.22,4277.39,0.4854
Australia,2000,73.48,11.0,18.19,31956.01,0.8566
Germany,2016,79.07,13.72,16.54,50196.35,0.9155
Pakistan,2011,62.1,4.18,8.09,3778.33,0.506
Chad,2003,47.34,2.29,6.69,941.23,0.3408
United Kingdom,2013,77.67,12.75,16.37,39650.41,0.886
Country_Sim_287,2019,70.85,10.45,13.4,30941.28,0.7795
Kenya,2014,59.17,6.26,10.0,3769.26,0.5407
Country_Sim_149,2014,66.89,6.79,12.72,11766.75,0.6709
Country_Sim_273,2019,50.61,4.01,6.44,1618.98,0.3997
Germany,2018,79.97,13.67,16.49,51158.39,0.9309
Country_Sim_123,2015,73.62,10.59,15.21,22442.52,0.8062
Norway,2014,79.37,12.51,17.52,58242.78,0.9297
Australia,2018,81.34,12.52,20.7,46320.14,0.9534
Switzerland,2017,82.67,13.44,15.96,63302.77,0.933
Nigeria,2009,49.46,4.77,8.98,3867.65,0.4684
Indonesia,2011,63.86,8.27,13.18,9688.36,0.6723
Russia,2003,64.85,11.02,14.27,19261.6,0.7549
Country_Sim_74,2016,67.61,7.83,11.11,10530.64,0.6658
Brazil,2009,68.7,7.72,14.88,11739.86,0.7144
Country_Sim_102,2012,68.1,8.19,12.95,6275.32,0.6663
Germany,2006,74.16,13.31,16.05,42895.32,0.8749
Country_Sim_189,2017,73.88,10.62,15.84,19862.72,0.8052
India,2015,64.95,6.5,11.55,6209.94,0.6067
Country_Sim_59,2012,60.39,3.4,5.55,3037.7,0.4385
Country_Sim_30,2015,82.58,11.52,19.26,69098.66,0.9617
Country_Sim_35,2013,83.79,14.43,17.04,75513.54,0.9782
Turkey,2019,74.5,8.23,17.52,28772.24,0.8207
Country_Sim_12,2015,70.97,8.41,13.54,15265.12,0.7313
China,2021,77.73,7.93,13.9,16952.67,0.7734
Country_Sim_37,2022,65.12,6.27,10.59,12743.8,0.6445
Pakistan,2001,58.87,4.02,7.78,3148.33,0.4765
Morocco,2018,72.29,5.62,13.52,6666.7,0.6712
Country_Sim_307,2015,62.42,6.99,12.57,6270.81,0.6145
Country_Sim_126,2013,57.0,3.6,6.25,508.07,0.35
Country_Sim_173,2022,78.38,14.29,18.18,47848.15,0.9358
Mexico,2016,67.95,9.1,14.74,16518.93,0.7425
Russia,2017,70.07,11.66,15.1,24485.55,0.7984
Singapore,2000,73.85,10.88,15.09,61942.76,0.856
Congo (Dem. Rep.),2003,53.4,6.19,8.58,768.95,0.4184
Country_Sim_40,2022,62.44,6.53,12.4,4621.27,0.601
South Africa,2010,58.23,9.8,13.07,10813.96,0.6572
Country_Sim_13,2011,69.41,7.09,12.99,12921.37,0.6932
Pakistan,2016,63.69,4.39,8.48,4207.75,0.5285
Country_Sim_132,2011,76.97,8.8,14.91,24742.83,0.7998
Country_Sim_82,2020,61.94,4.35,9.91,2778.16,0.5103
Japan,2013,81.56,12.8,14.52,36336.84,0.8807
Congo (Dem. Rep.),2013,56.21,6.81,9.44,969.64,0.4507
Indonesia,2021,66.6,8.59,13.68,11269.19,0.703
Norway,2001,73.95,11.39,15.95,44276.92,0.8643
Country_Sim_248,2014,69.82,6.33,11.11,4150.81,0.6097
Country_Sim_293,2016,78.77,13.93,18.07,61965.75,0.95
Congo (Dem. Rep.),2009,55.31,6.65,9.21,899.05,0.4428
USA,2011,72.65,12.84,15.27,52989.47,0.8706
Russia,2021,71.18,11.9,15.41,26069.84,0.821
Switzerland,2011,79.44,13.44,15.96,58972.04,0.9192
Country_Sim_86,2019,50.15,1.54,6.79,4204.78,0.3995
Kenya,2002,55.48,5.91,9.44,3019.67,0.5055
Bangladesh,2013,69.56,6.04,12.09,4855.74,0.632
Morocco,2017,72.67,5.71,13.75,6703.8,0.6529
Egypt,2021,70.54,7.26,13.54,11367.97,0.6933
USA,2022,77.41,13.73,16.34,64156.04,0.9197
India,2017,66.12,6.68,11.87,6531.37,0.6259
Country_Sim_208,2011,67.6,7.56,12.47,5053.11,0.6376
Congo (Dem. Rep.),2012,56.73,6.84,9.48,962.19,0.4583
Egypt,2000,62.59,6.58,12.27,7829.87,0.6289
Country_Sim_87,2017,68.34,6.17,11.47,11632.38,0.6512
China,2011,74.45,7.43,13.03,14190.0,0.7264
Norway,2013,79.49,12.27,17.18,56445.04,0.913
Colombia,2016,71.03,8.65,14.0,13226.27,0.7299
Niger,2002,54.97,1.85,5.72,821.53,0.3353
Indonesia,2019,67.23,8.34,13.29,10718.5,0.6922
Mexico,2020,70.04,9.07,14.68,17184.6,0.7456
Singapore,2005,75.62,11.13,15.44,68565.28,0.8805
Country_Sim_151,2019,70.85,10.22,15.04,14249.89,0.7561
Country_Sim_303,2021,67.0,7.69,12.36,5679.76,0.6382
Chad,2002,47.59,2.21,6.45,892.93,0.3294
Country_Sim_129,2018,61.24,3.67,9.7,1381.93,0.46
Nigeria,2001,47.54,4.54,8.55,3273.06,0.4399
Country_Sim_291,2019,76.62,11.31,18.0,48752.72,0.8887
Nigeria,2021,52.43,5.3,10.0,4947.95,0.5117
Country_Sim_142,2011,70.78,9.81,15.75,29908.09,0.8053
China,2013,74.16,7.83,13.73,15325.72,0.7421
Congo (Dem. Rep.),2014,57.22,6.72,9.32,968.34,0.4575
Country_Sim_186,2015,66.43,6.98,13.08,8150.5,0.6573
Congo (Dem. Rep.),2010,55.9,6.72,9.31,920.51,0.4503
Burundi,2019,60.79,3.01,10.37,657.97,0.4096
Russia,2005,65.28,11.17,14.47,20129.09,0.7576
Country_Sim_93,2013,76.69,8.52,15.38,16272.91,0.7737
Country_Sim_10,2012,67.96,7.15,13.2,7638.16,0.6601
Pakistan,2015,63.72,4.37,8.46,4147.6,0.5257
Burundi,2014,59.32,3.04,10.51,630.01,0.4069
Kenya,2004,56.28,5.96,9.52,3141.18,0.5124
Germany,2012,77.75,13.58,16.37,47383.81,0.9099
Pakistan,2014,63.36,4.4,8.51,4126.36,0.5204
Congo (Dem. Rep.),2008,55.4,6.43,8.91,857.84,0.4329
Country_Sim_167,2010,75.47,10.63,15.81,21842.15,0.8158
Country_Sim_58,2016,68.34,8.5,10.81,8487.14,0.6613
China,2022,77.69,7.93,13.89,17122.9,0.7519
Norway,2021,82.08,13.15,18.4,66068.12,0.9663
Colombia,2014,70.16,8.33,13.47,12436.12,0.7141
Morocco,2022,74.63,5.81,13.98,7187.65,0.6825
Australia,2022,82.78,12.97,21.0,50027.96,0.9676
Turkey,2000,67.52,7.71,16.41,20924.71,0.7388
Country_Sim_266,2020,76.47,11.56,16.68,34224.41,0.8651
Russia,2007,65.79,11.13,14.41,20635.28,0.7601
Indonesia,2017,65.64,8.44,13.44,10608.28,0.6745
Country_Sim_116,2020,50.62,3.7,6.44,1727.11,0.3976
South Africa,2022,61.94,10.45,13.94,13219.17,0.6969
Nigeria,2008,49.46,4.85,9.15,3885.47,0.4703
India,2021,66.49,6.5,11.54,6625.65,0.6334
Country_Sim_80,2010,63.66,6.84,11.13,4449.81,0.5848
Colombia,2009,67.43,8.53,13.8,11963.49,0.7007
Chad,2017,51.46,2.49,7.28,1229.28,0.3749
United Kingdom,2015,77.25,13.02,16.72,41462.02,0.8977
Chad,2019,51.78,2.49,7.26,1254.22,0.3748
Country_Sim_182,2016,70.12,11.21,15.47,17870.16,0.7893
Japan,2007,78.04,12.34,13.99,32392.98,0.8595
Indonesia,2004,61.24,7.78,12.39,8270.87,0.6342
USA,2018,74.96,13.05,15.52,58465.29,0.8818
Morocco,2021,73.95,5.98,14.39,7325.53,0.6896
India,2008,62.08,6.27,11.14,5488.09,0.5887
Brazil,2007,67.47,7.61,14.66,11255.54,0.6885
Pakistan,2006,60.84,4.06,7.85,3429.18,0.4883
United Kingdom,2006,74.83,12.19,15.65,34582.54,0.8559
Niger,2016,60.32,2.03,6.29,1089.64,0.3705
Norway,2020,81.87,13.08,18.31,65065.75,0.9634
Country_Sim_11,2012,69.5,6.74,12.44,9818.05,0.6695
USA,2002,70.11,12.66,15.06,45983.95,0.8458
Japan,2014,80.86,12.99,14.73,37311.92,0.8911
Mexico,2017,68.04,9.06,14.67,16631.05,0.7429
Country_Sim_171,2010,77.93,12.49,19.54,57888.28,0.9313
Bangladesh,2021,72.29,6.06,12.12,5320.59,0.6331
Japan,2010,79.67,12.59,14.28,34422.68,0.8699
